Workbook

Sheet Steps
A1: SparkLayer Price List Setup — Step by Step
A2: Step | B2: Action | C2: Details
A3: STEP 1 | B3: Fix SKUs in Shopify | C3: Import shopify-sku-update.csv via Shopify Admin → Products → Import. This removes the apostrophe from all SKUs so SparkLayer can match them.
A4: STEP 2 | B4: Verify SKUs in Shopify | C4: After import, open a product in Shopify Admin and confirm the Variant SKU shows as "1" (not '1). Check 2-3 products to be safe.
A5: STEP 3 | B5: Upload Members price list | C5: In SparkLayer Dashboard → Price Lists → Members → Upload CSV. Upload sparklayer-members-pricelist.csv. Click Save Price List.
A6: STEP 4 | B6: Upload Entrepreneurs list | C6: In SparkLayer Dashboard → Price Lists → Entrepreneurs → Upload CSV. Upload sparklayer-entrepreneurs-pricelist.csv. Click Save Price List.
A7: STEP 5 | B7: Assign price lists to groups | C7: In SparkLayer Dashboard → Customer Groups: set Members group → Members price list. Set Entrepreneurs group → Entrepreneurs price list.
A8: STEP 6 | B8: Set customer tags | C8: In SparkLayer, set the Shopify tag for each group: Members = "b2b", Entrepreneurs = "entrepreneur". This links Shopify tags to SparkLayer groups.
A9: STEP 7 | B9: Test | C9: Log in as a test customer tagged "b2b" and verify prices match the Members column in the Pricing sheet of this workbook.

Sheet Pricing
A1: Pricing Overview — adjust discount % in yellow cells to recalculate
A2: Members discount % | B2: 0.2 | D2: Entrepreneurs discount % | E2: 0.3
A4: SKU | B4: Product | C4: Retail (SEK) | D4: Members (SEK) | E4: Entrepreneurs (SEK) | F4: Savings (Members)
A5: 1 | B5: Testmatta 1 - Persisk Mönster | C5: 1299 | D5: =C5*(1-$B$2) | E5: =C5*(1-$E$2) | F5: =C5-D5
A6: 2 | B6: Testmatta 2 - Modern Geometrisk | C6: 1499 | D6: =C6*(1-$B$2) | E6: =C6*(1-$E$2) | F6: =C6-D6
A7: 3 | B7: Testmatta 3 - Skandinavisk Stil | C7: 1199 | D7: =C7*(1-$B$2) | E7: =C7*(1-$E$2) | F7: =C7-D7
A8: 4 | B8: Testmatta 4 - Vintage Orientalisk | C8: 1799 | D8: =C8*(1-$B$2) | E8: =C8*(1-$E$2) | F8: =C8-D8
A9: 5 | B9: Testmatta 5 - Bohemisk Chic | C9: 1399 | D9: =C9*(1-$B$2) | E9: =C9*(1-$E$2) | F9: =C9-D9
A10: 6 | B10: Testmatta 6 - Shaggy Lyx | C10: 1599 | D10: =C10*(1-$B$2) | E10: =C10*(1-$E$2) | F10: =C10-D10
A11: 7 | B11: Testmatta 7 - Industriell Design | C11: 1699 | D11: =C11*(1-$B$2) | E11: =C11*(1-$E$2) | F11: =C11-D11
A12: 8 | B12: Testmatta 8 - Naturlig Jute | C12: 999 | D12: =C12*(1-$B$2) | E12: =C12*(1-$E$2) | F12: =C12-D12
B13: TOTAL | C13: =SUM(C5:C12) | D13: =SUM(D5:D12) | E13: =SUM(E5:E12) | F13: =SUM(F5:F12)

Sheet Members CSV
A1: Members Price List — upload sparklayer-members-pricelist.csv to SparkLayer
A3: 1 | B3: =Pricing!D5 | C3: Testmatta 1 - Persisk Mönster
A4: 2 | B4: =Pricing!D6 | C4: Testmatta 2 - Modern Geometrisk
A5: 3 | B5: =Pricing!D7 | C5: Testmatta 3 - Skandinavisk Stil
A6: 4 | B6: =Pricing!D8 | C6: Testmatta 4 - Vintage Orientalisk
A7: 5 | B7: =Pricing!D9 | C7: Testmatta 5 - Bohemisk Chic
A8: 6 | B8: =Pricing!D10 | C8: Testmatta 6 - Shaggy Lyx
A9: 7 | B9: =Pricing!D11 | C9: Testmatta 7 - Industriell Design
A10: 8 | B10: =Pricing!D12 | C10: Testmatta 8 - Naturlig Jute

Sheet Entrepreneurs CSV
A1: Entrepreneurs Price List — upload sparklayer-entrepreneurs-pricelist.csv to SparkLayer
A3: 1 | B3: =Pricing!E5 | C3: Testmatta 1 - Persisk Mönster
A4: 2 | B4: =Pricing!E6 | C4: Testmatta 2 - Modern Geometrisk
A5: 3 | B5: =Pricing!E7 | C5: Testmatta 3 - Skandinavisk Stil
A6: 4 | B6: =Pricing!E8 | C6: Testmatta 4 - Vintage Orientalisk
A7: 5 | B7: =Pricing!E9 | C7: Testmatta 5 - Bohemisk Chic
A8: 6 | B8: =Pricing!E10 | C8: Testmatta 6 - Shaggy Lyx
A9: 7 | B9: =Pricing!E11 | C9: Testmatta 7 - Industriell Design
A10: 8 | B10: =Pricing!E12 | C10: Testmatta 8 - Naturlig Jute
